id,timestamp,frame_id,plate_text
1,2025-09-27 10:03:07,0,NWRU
2,2025-09-27 10:03:08,2,NWU
3,2025-09-27 10:03:08,3,N3NRU
4,2025-09-27 10:03:08,4,NHU
5,2025-09-27 10:03:09,5,MEJ
6,2025-09-27 10:03:09,6,HF
7,2025-09-27 10:03:09,6,QHRU
8,2025-09-27 10:03:09,7,MJSISU
9,2025-09-27 10:03:10,8,MHRU
10,2025-09-27 10:03:10,8,MFSIU
11,2025-09-27 10:03:10,9,N3HRU
12,2025-09-27 10:03:10,9,MFJ
13,2025-09-27 10:03:11,10,NJMRU
14,2025-09-27 10:03:11,10,MFISU
15,2025-09-27 10:03:12,13,MENS
16,2025-09-27 10:03:12,13,NAHRU
17,2025-09-27 10:03:12,14,NHRU
18,2025-09-27 10:03:12,14,MSISU
19,2025-09-27 10:03:12,15,NHRU
20,2025-09-27 10:03:13,15,MS
21,2025-09-27 10:03:13,16,MFE
22,2025-09-27 10:03:13,16,N2HRU
23,2025-09-27 10:03:14,18,MUSISU
24,2025-09-27 10:03:14,18,NMRU
25,2025-09-27 10:03:15,19,WSIS
26,2025-09-27 10:03:15,20,HMRU
27,2025-09-27 10:03:15,20,MUSIS
28,2025-09-27 10:03:16,21,MSISU
29,2025-09-27 10:03:16,21,NMRU
30,2025-09-27 10:03:17,22,M
31,2025-09-27 10:03:17,23,WUSISU
32,2025-09-27 10:03:17,24,MUSISU
33,2025-09-27 10:03:18,24,HJMRU
34,2025-09-27 10:03:18,25,MSIUU
35,2025-09-27 10:03:18,25,HAIJNRU
36,2025-09-27 10:03:18,26,HADNRU
37,2025-09-27 10:03:19,27,MUSINSU
38,2025-09-27 10:03:19,28,WS
39,2025-09-27 10:03:19,29,NAIJNRU
40,2025-09-27 10:03:19,29,MUSISU
41,2025-09-27 10:03:20,30,WS
42,2025-09-27 10:03:20,30,MAIDNRU
43,2025-09-27 10:03:20,31,W
44,2025-09-27 10:03:20,31,NAIJNRU
45,2025-09-27 10:03:21,32,WSISU
46,2025-09-27 10:03:21,32,NAIJNRU
47,2025-09-27 10:03:21,33,MILSU
48,2025-09-27 10:03:21,33,HAIJNRU
49,2025-09-27 10:03:22,34,MSISU
50,2025-09-27 10:03:22,34,RAIINRU
51,2025-09-27 10:03:22,35,MSISU
52,2025-09-27 10:03:22,35,MAIDNRU
53,2025-09-27 10:03:23,36,MISISU
54,2025-09-27 10:03:23,37,MISU
55,2025-09-27 10:03:23,38,HUSISU
56,2025-09-27 10:03:24,39,WSN
57,2025-09-27 10:03:24,40,MEIU
58,2025-09-27 10:03:24,41,HISISU
59,2025-09-27 10:03:25,42,MISISU
60,2025-09-27 10:03:25,43,MISIVSU
61,2025-09-27 10:03:25,44,MESIVSU
62,2025-09-27 10:03:26,45,WIU
63,2025-09-27 10:03:26,46,MSINSU
64,2025-09-27 10:03:27,47,WISU
65,2025-09-27 10:03:27,48,MSIUSU
66,2025-09-27 10:03:28,49,LSITSUT
67,2025-09-27 10:03:28,50,HSIUSU
68,2025-09-27 10:03:29,51,LSIUSU
69,2025-09-27 10:03:29,52,WISIU
70,2025-09-27 10:03:30,53,ISISU
71,2025-09-27 10:03:30,54,CHI
72,2025-09-27 10:03:31,55,MISIUSU
73,2025-09-27 10:03:31,56,ISISU
74,2025-09-27 10:03:32,57,LSIVSU
75,2025-09-27 10:03:33,58,MSIUSU
76,2025-09-27 10:03:33,59,CHI
77,2025-09-27 10:03:33,60,MSIUSU
78,2025-09-27 10:03:34,61,L
79,2025-09-27 10:03:34,62,L
80,2025-09-27 10:03:34,63,WSIVSU
81,2025-09-27 10:03:35,64,WIVSUF
82,2025-09-27 10:03:35,64,G0J
83,2025-09-27 10:03:35,65,L
84,2025-09-27 10:03:36,66,LUSIVSU
85,2025-09-27 10:03:36,67,LUSIVSU
86,2025-09-27 10:03:36,68,LUSIVSU
87,2025-09-27 10:03:37,69,LUSISU
88,2025-09-27 10:03:37,70,HVSIVSU
89,2025-09-27 10:03:37,71,LUSIVSU
90,2025-09-27 10:03:38,72,HVSU
91,2025-09-27 10:03:38,73,LVSIVSU
92,2025-09-27 10:03:39,80,G0J
93,2025-09-27 10:03:40,81,GX0J
94,2025-09-27 10:03:40,82,G0GJ
95,2025-09-27 10:03:40,83,GXIOGJ
96,2025-09-27 10:03:41,84,G0GJ
97,2025-09-27 10:03:41,85,GX0GJ
98,2025-09-27 10:03:42,87,GX0GJ
99,2025-09-27 10:03:42,88,GX0GJ
100,2025-09-27 10:03:43,89,GX0GJ
101,2025-09-27 10:03:44,95,GXIOGJ
102,2025-09-27 10:03:45,96,GXOCJ
103,2025-09-27 10:03:45,97,GXOCJ
104,2025-09-27 10:03:45,98,GXOGJ
105,2025-09-27 10:03:46,99,G0GJ
106,2025-09-27 10:03:46,100,GXOGJ
107,2025-09-27 10:03:46,101,GX0GJ
108,2025-09-27 10:03:47,104,GOGJ
109,2025-09-27 10:03:47,105,GOGJ
110,2025-09-27 10:03:48,106,GXIOGJ
111,2025-09-27 10:03:48,107,GXOGJ
112,2025-09-27 10:03:48,108,GXI0GJ
113,2025-09-27 10:03:49,109,GXIOGJ
114,2025-09-27 10:03:49,110,GXOCJ
115,2025-09-27 10:03:49,111,GX0GJ
116,2025-09-27 10:03:50,116,GXIOGJ
117,2025-09-27 10:03:51,123,GOGJ
118,2025-09-27 10:03:52,124,G5OGJ
119,2025-09-27 10:03:52,125,GOGJ
120,2025-09-27 10:03:53,126,C
121,2025-09-27 10:03:53,126,GOCJ
122,2025-09-27 10:03:53,127,GOGJ
123,2025-09-27 10:03:53,128,LJWV
124,2025-09-27 10:03:54,129,LWCV
125,2025-09-27 10:03:54,130,TV
126,2025-09-27 10:03:54,130,GOGJ
127,2025-09-27 10:03:55,131,LILVV
128,2025-09-27 10:03:55,131,5OGJ
129,2025-09-27 10:03:56,132,LICV
130,2025-09-27 10:03:56,132,150GJ
131,2025-09-27 10:03:57,133,LIV
132,2025-09-27 10:03:57,133,M
133,2025-09-27 10:03:57,134,LVV
134,2025-09-27 10:03:58,134,6OGJ
135,2025-09-27 10:03:58,135,5OGJ
136,2025-09-27 10:03:58,135,LWIWCV
137,2025-09-27 10:03:59,136,5OGJ
138,2025-09-27 10:03:59,136,LMIWCV
139,2025-09-27 10:03:59,137,LIICV
140,2025-09-27 10:04:00,138,LI
141,2025-09-27 10:04:00,139,LIM
142,2025-09-27 10:04:00,139,N5J
143,2025-09-27 10:04:01,144,L
144,2025-09-27 10:04:01,145,K
145,2025-09-27 10:04:02,148,A
146,2025-09-27 10:04:02,150,L
147,2025-09-27 10:04:03,151,L
148,2025-09-27 10:04:03,152,K0
149,2025-09-27 10:04:03,152,AJ
150,2025-09-27 10:04:03,153,L
151,2025-09-27 10:04:04,155,K
152,2025-09-27 10:04:04,156,L
153,2025-09-27 10:04:04,156,AJ
154,2025-09-27 10:04:05,157,AJ
155,2025-09-27 10:04:05,157,LIZ
156,2025-09-27 10:04:05,158,AJ
157,2025-09-27 10:04:06,158,LI
158,2025-09-27 10:04:06,160,K0528
159,2025-09-27 10:04:07,161,KR0525
160,2025-09-27 10:04:07,161,L25J
161,2025-09-27 10:04:07,162,KR052X
162,2025-09-27 10:04:08,165,A5J
163,2025-09-27 10:04:09,166,WJE
164,2025-09-27 10:04:09,167,LSEK
165,2025-09-27 10:04:11,171,K2
166,2025-09-27 10:04:12,173,KS27
167,2025-09-27 10:04:13,174,AJ0
168,2025-09-27 10:04:13,174,KS2
169,2025-09-27 10:04:14,175,AJEO
170,2025-09-27 10:04:14,175,KHOSZA
171,2025-09-27 10:04:15,176,AJ
172,2025-09-27 10:04:16,176,K527
173,2025-09-27 10:04:17,178,AJ
174,2025-09-27 10:04:17,179,AJ
175,2025-09-27 10:04:18,180,K23
176,2025-09-27 10:04:19,180,AJ
177,2025-09-27 10:04:19,181,AJ
178,2025-09-27 10:04:20,181,K27
179,2025-09-27 10:04:21,182,AJ
180,2025-09-27 10:04:21,182,K2
181,2025-09-27 10:04:22,183,JQ
182,2025-09-27 10:04:22,183,KSZZK
183,2025-09-27 10:04:23,184,ISZK
184,2025-09-27 10:04:24,185,KHZZK
185,2025-09-27 10:04:24,186,AJQ
186,2025-09-27 10:04:26,187,AJEO
187,2025-09-27 10:04:26,187,KH2Z
188,2025-09-27 10:04:26,188,K52
189,2025-09-27 10:04:27,188,AJEQ
190,2025-09-27 10:04:27,189,AJEQ
191,2025-09-27 10:04:27,189,KZZK
192,2025-09-27 10:04:28,190,AJEQE
193,2025-09-27 10:04:28,190,KZK
194,2025-09-27 10:04:29,191,K
195,2025-09-27 10:04:29,192,COK
196,2025-09-27 10:04:29,193,AJEO
197,2025-09-27 10:04:29,193,K
198,2025-09-27 10:04:30,194,MJEQ
199,2025-09-27 10:04:30,195,K21K
200,2025-09-27 10:04:31,196,KZ1K
201,2025-09-27 10:04:31,197,K2K
202,2025-09-27 10:04:31,198,LZ
203,2025-09-27 10:04:32,199,LK
204,2025-09-27 10:04:32,199,LJEO
205,2025-09-27 10:04:32,200,L
206,2025-09-27 10:04:32,200,JL
207,2025-09-27 10:04:33,202,IJEO
208,2025-09-27 10:04:33,203,KH0S2ZK
209,2025-09-27 10:04:33,203,AJEO
210,2025-09-27 10:04:34,204,KH0S2ZK
211,2025-09-27 10:04:34,205,CHOSZK
212,2025-09-27 10:04:34,206,CZZK
213,2025-09-27 10:04:34,206,J
214,2025-09-27 10:04:35,207,K2ZK
215,2025-09-27 10:04:35,207,AJQ
216,2025-09-27 10:04:35,208,ZZK
217,2025-09-27 10:04:35,208,J
218,2025-09-27 10:04:36,209,KSZZK
219,2025-09-27 10:04:36,210,KZZK
220,2025-09-27 10:04:36,210,WJEO
221,2025-09-27 10:04:37,211,CK
222,2025-09-27 10:04:37,211,AJ
223,2025-09-27 10:04:37,212,AJEO
224,2025-09-27 10:04:37,212,CHSEK
225,2025-09-27 10:04:38,213,CZK
226,2025-09-27 10:04:38,213,AJQ
227,2025-09-27 10:04:38,214,KZZK
228,2025-09-27 10:04:39,214,WJEO
229,2025-09-27 10:04:39,215,ZJQ
230,2025-09-27 10:04:39,215,KHSZZK
231,2025-09-27 10:04:40,216,AJE
232,2025-09-27 10:04:40,216,CZZK
233,2025-09-27 10:04:41,217,TZK
234,2025-09-27 10:04:41,217,AJEO
235,2025-09-27 10:04:42,218,KHOSZZK
236,2025-09-27 10:04:42,218,AJ
237,2025-09-27 10:04:42,219,CHZK
238,2025-09-27 10:04:43,219,AJO
239,2025-09-27 10:04:43,220,KZK
240,2025-09-27 10:04:43,221,LZIK
241,2025-09-27 10:04:44,222,KZIK
242,2025-09-27 10:04:44,223,LZZK
243,2025-09-27 10:04:44,224,KZIK
244,2025-09-27 10:04:45,225,KZIK
245,2025-09-27 10:04:45,226,C24
246,2025-09-27 10:04:46,227,K02
247,2025-09-27 10:04:46,228,K2
248,2025-09-27 10:04:46,229,CH
249,2025-09-27 10:04:47,230,L52
250,2025-09-27 10:04:47,231,L4052
251,2025-09-27 10:04:47,232,L2
252,2025-09-27 10:04:48,233,LZZK
253,2025-09-27 10:04:48,234,LZZK
254,2025-09-27 10:04:49,235,LZ6
255,2025-09-27 10:04:49,236,LHOEZZK
256,2025-09-27 10:04:49,237,MHL
257,2025-09-27 10:04:50,238,MH
258,2025-09-27 10:04:50,239,HAL
259,2025-09-27 10:04:50,240,L5ZZK
260,2025-09-27 10:04:51,241,KZK
261,2025-09-27 10:04:51,242,KZIK
262,2025-09-27 10:04:52,243,KZZK
263,2025-09-27 10:04:52,244,R5ZZK
264,2025-09-27 10:04:52,245,K5ZIK
265,2025-09-27 10:04:53,246,KZZK
266,2025-09-27 10:04:53,246,L
267,2025-09-27 10:04:54,247,KZIK
268,2025-09-27 10:04:54,248,R05ZIK
269,2025-09-27 10:04:55,249,P0776
270,2025-09-27 10:04:56,252,L
271,2025-09-27 10:04:56,253,L
272,2025-09-27 10:04:57,254,UF
273,2025-09-27 10:04:57,255,L0FKD
274,2025-09-27 10:04:57,256,LD
275,2025-09-27 10:04:58,257,U
276,2025-09-27 10:04:58,259,L
277,2025-09-27 10:04:59,261,UF
278,2025-09-27 10:04:59,264,L
279,2025-09-27 10:05:00,265,UF
280,2025-09-27 10:05:00,266,QLD
281,2025-09-27 10:05:00,267,LFKD
282,2025-09-27 10:05:01,268,LFKD
283,2025-09-27 10:05:01,269,LFKD
284,2025-09-27 10:05:01,270,L
285,2025-09-27 10:05:02,271,L2KD
286,2025-09-27 10:05:02,271,LENGINBG
287,2025-09-27 10:05:02,272,LFK
288,2025-09-27 10:05:02,272,LE4GINBG
289,2025-09-27 10:05:03,273,LFKD
290,2025-09-27 10:05:03,273,IN
291,2025-09-27 10:05:03,274,AUZHY
292,2025-09-27 10:05:04,274,LFK
293,2025-09-27 10:05:04,275,FZHY
294,2025-09-27 10:05:04,275,LFK
295,2025-09-27 10:05:04,276,FIAZH
296,2025-09-27 10:05:05,276,LFKD
297,2025-09-27 10:05:05,277,LFKD
298,2025-09-27 10:05:05,277,FIAZH
299,2025-09-27 10:05:06,278,FJAHY
300,2025-09-27 10:05:06,278,UFKD
301,2025-09-27 10:05:06,279,LFKD
302,2025-09-27 10:05:06,279,QJAZHY
303,2025-09-27 10:05:07,280,L
304,2025-09-27 10:05:07,280,QJAZHY
305,2025-09-27 10:05:08,281,QJAHY
306,2025-09-27 10:05:08,281,W02FKD
307,2025-09-27 10:05:09,282,WR02FKD
308,2025-09-27 10:05:09,282,FJAZHY
309,2025-09-27 10:05:10,283,T
310,2025-09-27 10:05:10,283,BG
311,2025-09-27 10:05:10,283,FJAHY
312,2025-09-27 10:05:10,284,FHY
313,2025-09-27 10:05:11,285,FAHY
314,2025-09-27 10:05:11,286,FJZHY
315,2025-09-27 10:05:11,287,FAHY
316,2025-09-27 10:05:12,288,FJAZHY
317,2025-09-27 10:05:12,289,FAZHY
318,2025-09-27 10:05:12,289,EYGINBG
319,2025-09-27 10:05:12,290,FIAZHY
320,2025-09-27 10:05:13,290,EXGINBG
321,2025-09-27 10:05:13,291,FIAZHY
322,2025-09-27 10:05:13,291,EG
323,2025-09-27 10:05:13,292,FAZHY
324,2025-09-27 10:05:13,292,EG
325,2025-09-27 10:05:14,293,FJAZHY
326,2025-09-27 10:05:14,294,FJAHY
327,2025-09-27 10:05:14,295,FAZHY
328,2025-09-27 10:05:15,296,FJAHN
329,2025-09-27 10:05:15,296,EEG
330,2025-09-27 10:05:15,297,FAZHY
331,2025-09-27 10:05:16,298,JZHY
332,2025-09-27 10:05:16,298,EYGINBG
333,2025-09-27 10:05:16,299,FJAZHY
334,2025-09-27 10:05:16,299,EIBG
335,2025-09-27 10:05:16,300,EG
336,2025-09-27 10:05:17,301,E
337,2025-09-27 10:05:17,302,EGBG
338,2025-09-27 10:05:18,304,E
339,2025-09-27 10:05:18,305,EG
340,2025-09-27 10:05:18,307,E
341,2025-09-27 10:05:19,308,EE
342,2025-09-27 10:05:19,311,EYGI
343,2025-09-27 10:05:19,312,EYGINBG
344,2025-09-27 10:05:20,313,EEYGINBG
345,2025-09-27 10:05:20,314,E
346,2025-09-27 10:05:21,315,EG
347,2025-09-27 10:05:21,316,E
348,2025-09-27 10:05:22,318,EG
349,2025-09-27 10:05:22,319,E
350,2025-09-27 10:05:23,320,EEINEG
351,2025-09-27 10:05:23,321,ENG
352,2025-09-27 10:05:23,322,EYGIN
353,2025-09-27 10:05:24,323,LENG
354,2025-09-27 10:05:24,324,EG
355,2025-09-27 10:05:25,325,EEG
356,2025-09-27 10:05:25,326,EGG
357,2025-09-27 10:05:25,327,EGNNE
358,2025-09-27 10:05:26,328,EGIE
359,2025-09-27 10:05:26,329,LEGINEG
360,2025-09-27 10:05:26,330,E6NNE
361,2025-09-27 10:05:26,331,LGINBG
362,2025-09-27 10:05:27,332,LVGINBG
363,2025-09-27 10:05:27,333,EGINB
364,2025-09-27 10:05:27,334,EGINEG
365,2025-09-27 10:05:28,337,EGINBG
366,2025-09-27 10:05:28,337,HMI
367,2025-09-27 10:05:29,338,LEG
368,2025-09-27 10:05:29,339,EINBG
369,2025-09-27 10:05:29,340,EINEG
370,2025-09-27 10:05:29,341,EINEG
371,2025-09-27 10:05:30,342,LE
372,2025-09-27 10:05:30,343,LEGING
373,2025-09-27 10:05:30,343,LNA
374,2025-09-27 10:05:31,344,LEGINBG
375,2025-09-27 10:05:31,344,HNIZ
376,2025-09-27 10:05:31,345,E
377,2025-09-27 10:05:31,346,EMGINB
378,2025-09-27 10:05:32,347,EMGINB
379,2025-09-27 10:05:32,348,EGINBG
380,2025-09-27 10:05:32,349,B
381,2025-09-27 10:05:33,350,EINGI
382,2025-09-27 10:05:33,351,EYGINB
383,2025-09-27 10:05:33,352,LEYGINE
384,2025-09-27 10:05:34,353,EVGIN
385,2025-09-27 10:05:34,353,HHI4
386,2025-09-27 10:05:34,354,EY6INBG
387,2025-09-27 10:05:35,354,HNIA
388,2025-09-27 10:05:35,355,LEYINBG
389,2025-09-27 10:05:35,356,ENGINBG
390,2025-09-27 10:05:36,358,HNIG
391,2025-09-27 10:05:36,359,HNIA
392,2025-09-27 10:05:37,361,HNIA
393,2025-09-27 10:05:37,362,HNI
394,2025-09-27 10:05:38,363,LHVF
395,2025-09-27 10:05:38,365,HNIATC
396,2025-09-27 10:05:38,366,HNIA
397,2025-09-27 10:05:39,367,HNIA
398,2025-09-27 10:05:39,368,HNIA
399,2025-09-27 10:05:39,369,HNIAD
400,2025-09-27 10:05:39,370,L
401,2025-09-27 10:05:40,371,HMAC
402,2025-09-27 10:05:40,371,L
403,2025-09-27 10:05:40,372,HNL
404,2025-09-27 10:05:40,373,HNA
405,2025-09-27 10:05:41,374,HMA
406,2025-09-27 10:05:41,374,L
407,2025-09-27 10:05:41,375,HNC
408,2025-09-27 10:05:41,376,F
409,2025-09-27 10:05:41,376,HC
410,2025-09-27 10:05:42,377,LHVF
411,2025-09-27 10:05:42,378,HC
412,2025-09-27 10:05:42,378,L
413,2025-09-27 10:05:42,379,LHVE
414,2025-09-27 10:05:42,379,HMA
415,2025-09-27 10:05:43,380,HC
416,2025-09-27 10:05:43,381,HC
417,2025-09-27 10:05:43,381,LHVF
418,2025-09-27 10:05:43,382,HNJ
419,2025-09-27 10:05:44,382,L6
420,2025-09-27 10:05:44,383,L
421,2025-09-27 10:05:44,384,LHVE
422,2025-09-27 10:05:44,384,HIC
423,2025-09-27 10:05:45,385,L
424,2025-09-27 10:05:45,385,HNL
425,2025-09-27 10:05:45,386,VHE
426,2025-09-27 10:05:45,386,HNACT
427,2025-09-27 10:05:46,387,MHVE
428,2025-09-27 10:05:46,387,HAC
429,2025-09-27 10:05:46,388,HNAT
430,2025-09-27 10:05:46,388,LHF
431,2025-09-27 10:05:46,389,HNL
432,2025-09-27 10:05:46,389,LHVF
433,2025-09-27 10:05:47,390,LHVF
434,2025-09-27 10:05:47,390,HNAC
435,2025-09-27 10:05:47,391,HNACR
436,2025-09-27 10:05:47,391,LHVF
437,2025-09-27 10:05:48,392,MOBHVF
438,2025-09-27 10:05:48,392,HACR
439,2025-09-27 10:05:48,393,VBHVF
440,2025-09-27 10:05:48,393,HNAD
441,2025-09-27 10:05:49,394,HNAN
442,2025-09-27 10:05:49,394,AHMF
443,2025-09-27 10:05:50,395,VHVE
444,2025-09-27 10:05:50,395,HAD
445,2025-09-27 10:05:51,396,LHVE
446,2025-09-27 10:05:51,396,HI
447,2025-09-27 10:05:51,397,HID
448,2025-09-27 10:05:52,397,L
449,2025-09-27 10:05:52,398,L
450,2025-09-27 10:05:52,398,HID
451,2025-09-27 10:05:52,399,HE
452,2025-09-27 10:05:53,399,H
453,2025-09-27 10:05:53,400,VNE
454,2025-09-27 10:05:53,400,HD
455,2025-09-27 10:05:53,401,LDH
456,2025-09-27 10:05:54,402,VNVE
457,2025-09-27 10:05:54,402,ESS
458,2025-09-27 10:05:54,403,LVE
459,2025-09-27 10:05:54,403,HIL
460,2025-09-27 10:05:55,404,HMA
461,2025-09-27 10:05:55,404,W
462,2025-09-27 10:05:55,405,HI
463,2025-09-27 10:05:56,405,LBHHVE
464,2025-09-27 10:05:56,406,HNA
465,2025-09-27 10:05:57,406,LHVE
466,2025-09-27 10:05:57,407,LHVE
467,2025-09-27 10:05:58,408,NHVE
468,2025-09-27 10:05:58,409,WHVE
469,2025-09-27 10:05:59,410,MHVE
470,2025-09-27 10:05:59,411,GSSJ
471,2025-09-27 10:05:59,411,VHVF
472,2025-09-27 10:05:59,412,BGSSLSJ
473,2025-09-27 10:06:00,413,DG
474,2025-09-27 10:06:00,414,DGBSSJ
475,2025-09-27 10:06:00,415,EGES
476,2025-09-27 10:06:01,416,J
477,2025-09-27 10:06:01,417,0GJ
478,2025-09-27 10:06:01,419,55J
479,2025-09-27 10:06:02,421,6SJ
480,2025-09-27 10:06:03,422,0G65
481,2025-09-27 10:06:03,423,0G65USJ
482,2025-09-27 10:06:03,424,GJ
483,2025-09-27 10:06:04,425,0G65USJ
484,2025-09-27 10:06:04,426,G6SJ
485,2025-09-27 10:06:05,427,0G6
486,2025-09-27 10:06:05,428,06J
487,2025-09-27 10:06:05,429,0G65
488,2025-09-27 10:06:06,430,G65J
489,2025-09-27 10:06:06,431,05J
490,2025-09-27 10:06:06,432,0G65USJ
491,2025-09-27 10:06:07,434,65SJ
492,2025-09-27 10:06:07,435,5SJ
493,2025-09-27 10:06:07,436,G6J
494,2025-09-27 10:06:08,437,DG65SJ
495,2025-09-27 10:06:08,438,0GGSSJ
496,2025-09-27 10:06:08,439,G65SJ
497,2025-09-27 10:06:09,440,0GSJ
498,2025-09-27 10:06:09,441,DGGSUS
499,2025-09-27 10:06:09,442,EGSSJ
500,2025-09-27 10:06:10,443,GS
501,2025-09-27 10:06:10,444,G65USJ
502,2025-09-27 10:06:10,445,GGSSJ
503,2025-09-27 10:06:10,446,G65USJ
504,2025-09-27 10:06:11,447,BG65USJ
505,2025-09-27 10:06:11,448,G65USJ
506,2025-09-27 10:06:11,449,BG65S
507,2025-09-27 10:06:11,449,DLV
508,2025-09-27 10:06:12,450,0G6SSJ
509,2025-09-27 10:06:12,451,BG6SUSJ
510,2025-09-27 10:06:12,452,0GSJ
511,2025-09-27 10:06:12,452,VE
512,2025-09-27 10:06:13,453,0G65SJ
513,2025-09-27 10:06:13,453,STMT
514,2025-09-27 10:06:13,454,0G65J
515,2025-09-27 10:06:13,454,VKEAM
516,2025-09-27 10:06:14,455,0G6S
517,2025-09-27 10:06:14,456,0G655J
518,2025-09-27 10:06:14,457,0G65
519,2025-09-27 10:06:14,458,0G6SJ
520,2025-09-27 10:06:15,459,0G6SJ
521,2025-09-27 10:06:15,460,J
522,2025-09-27 10:06:15,461,0GG
523,2025-09-27 10:06:16,462,0G6USJ
524,2025-09-27 10:06:16,463,0G655J
525,2025-09-27 10:06:17,464,056S
526,2025-09-27 10:06:17,465,0565454
527,2025-09-27 10:06:18,466,06554
528,2025-09-27 10:06:18,467,0565US
529,2025-09-27 10:06:18,467,KS4DXY
530,2025-09-27 10:06:19,468,055
531,2025-09-27 10:06:19,468,KS4DMY
532,2025-09-27 10:06:19,469,0655
533,2025-09-27 10:06:20,470,05655
534,2025-09-27 10:06:20,470,KBADMY
535,2025-09-27 10:06:20,471,055
536,2025-09-27 10:06:20,472,0G5
537,2025-09-27 10:06:21,473,0G65SJ
538,2025-09-27 10:06:21,474,0GGSUS
539,2025-09-27 10:06:22,477,AKBAMI
540,2025-09-27 10:06:22,478,AKEADMM
541,2025-09-27 10:06:22,479,LKB4HY
542,2025-09-27 10:06:23,480,L4Y
543,2025-09-27 10:06:23,481,L4Y
544,2025-09-27 10:06:23,482,L
545,2025-09-27 10:06:24,483,L
546,2025-09-27 10:06:24,484,4Y
547,2025-09-27 10:06:24,485,L
548,2025-09-27 10:06:24,485,WJ
549,2025-09-27 10:06:25,486,N
550,2025-09-27 10:06:25,486,N5
551,2025-09-27 10:06:25,487,TB
552,2025-09-27 10:06:26,488,4
553,2025-09-27 10:06:26,490,US
554,2025-09-27 10:06:26,491,N
555,2025-09-27 10:06:27,492,4640M
556,2025-09-27 10:06:27,493,L64
557,2025-09-27 10:06:27,493,QED
558,2025-09-27 10:06:28,494,WJ
559,2025-09-27 10:06:28,494,B0
560,2025-09-27 10:06:28,495,KGM
561,2025-09-27 10:06:28,496,LB4
562,2025-09-27 10:06:29,497,LBM
563,2025-09-27 10:06:29,498,LKBADAY
564,2025-09-27 10:06:29,498,W
565,2025-09-27 10:06:30,499,G4M
566,2025-09-27 10:06:30,500,W5D
567,2025-09-27 10:06:31,500,LBOM
568,2025-09-27 10:06:31,501,A4
569,2025-09-27 10:06:31,501,MLQI
570,2025-09-27 10:06:32,502,LKB4Y
571,2025-09-27 10:06:32,503,M5
572,2025-09-27 10:06:33,504,B
573,2025-09-27 10:06:33,505,B4
574,2025-09-27 10:06:33,505,M5I
575,2025-09-27 10:06:34,506,LKB4
576,2025-09-27 10:06:34,506,M5
577,2025-09-27 10:06:34,507,LK
578,2025-09-27 10:06:34,507,MI
579,2025-09-27 10:06:35,508,LKB4DMY
580,2025-09-27 10:06:35,508,MI
581,2025-09-27 10:06:35,509,K
582,2025-09-27 10:06:35,509,M5I
583,2025-09-27 10:06:36,510,K
584,2025-09-27 10:06:36,510,NEKI
585,2025-09-27 10:06:36,511,B4
586,2025-09-27 10:06:37,512,NI
587,2025-09-27 10:06:37,512,KG
588,2025-09-27 10:06:37,513,NS
589,2025-09-27 10:06:37,513,LKB4
590,2025-09-27 10:06:38,514,OSTQ
591,2025-09-27 10:06:38,514,LKBADHY
592,2025-09-27 10:06:38,515,DST
593,2025-09-27 10:06:39,515,B
594,2025-09-27 10:06:39,516,KB4I
595,2025-09-27 10:06:39,516,NSTU
596,2025-09-27 10:06:39,517,B
597,2025-09-27 10:06:40,517,USL
598,2025-09-27 10:06:40,518,K
599,2025-09-27 10:06:40,518,DST
600,2025-09-27 10:06:40,519,KBI
601,2025-09-27 10:06:41,519,NSTO
602,2025-09-27 10:06:41,520,NS
603,2025-09-27 10:06:41,520,BI
604,2025-09-27 10:06:42,521,AKGJ
605,2025-09-27 10:06:42,521,4BI
606,2025-09-27 10:06:42,522,NSTD
607,2025-09-27 10:06:42,522,B
608,2025-09-27 10:06:43,523,NGIJ
609,2025-09-27 10:06:43,523,KB4
610,2025-09-27 10:06:43,524,KB4
611,2025-09-27 10:06:43,524,M
612,2025-09-27 10:06:44,525,I4
613,2025-09-27 10:06:44,526,NB4
614,2025-09-27 10:06:45,527,HB4
615,2025-09-27 10:06:45,528,LK64
616,2025-09-27 10:06:46,529,LK64
617,2025-09-27 10:06:46,530,LK64M
618,2025-09-27 10:06:47,531,LK64M
619,2025-09-27 10:06:47,532,LKB4M
620,2025-09-27 10:06:47,533,LK64
621,2025-09-27 10:06:48,534,LKB4
622,2025-09-27 10:06:48,535,LKB4TM
623,2025-09-27 10:06:48,536,LKB4M
624,2025-09-27 10:06:49,537,LE4
625,2025-09-27 10:06:49,538,BAOM
626,2025-09-27 10:06:49,539,LKBAOML
627,2025-09-27 10:06:50,540,MKB4M
628,2025-09-27 10:06:50,541,MBADM
629,2025-09-27 10:06:50,542,LKE4DM
630,2025-09-27 10:06:51,543,LKE4OM
631,2025-09-27 10:06:51,544,AKB4M
632,2025-09-27 10:06:51,545,LKBADL
633,2025-09-27 10:06:52,546,LKB4DM
634,2025-09-27 10:06:52,547,LKB4M
635,2025-09-27 10:06:53,548,K4M
636,2025-09-27 10:06:53,549,LK6M
637,2025-09-27 10:06:53,550,LKG4M
638,2025-09-27 10:06:54,551,LK6M
639,2025-09-27 10:06:54,551,E
640,2025-09-27 10:06:54,552,KM
641,2025-09-27 10:06:54,552,E
642,2025-09-27 10:06:55,553,LEA
643,2025-09-27 10:06:55,554,LK64ONY
644,2025-09-27 10:06:55,555,LKEALM
645,2025-09-27 10:06:56,555,E0
646,2025-09-27 10:06:56,556,LKEA
647,2025-09-27 10:06:56,557,KEAM
648,2025-09-27 10:06:57,558,LKBAM
649,2025-09-27 10:06:57,559,LKBA
650,2025-09-27 10:06:57,559,E
651,2025-09-27 10:06:58,560,LKEADL
652,2025-09-27 10:06:58,560,EL
653,2025-09-27 10:06:58,561,EFODZL
654,2025-09-27 10:06:59,561,LKEADL
655,2025-09-27 10:06:59,562,KKBADL
656,2025-09-27 10:06:59,562,EL
657,2025-09-27 10:07:00,563,AKBADHV
658,2025-09-27 10:07:01,564,LKBADN
659,2025-09-27 10:07:01,564,EF1QZL
660,2025-09-27 10:07:01,565,LKBAONV
661,2025-09-27 10:07:01,565,E
662,2025-09-27 10:07:02,566,LKBADNV
663,2025-09-27 10:07:02,566,E
664,2025-09-27 10:07:02,567,AKB4L
665,2025-09-27 10:07:02,567,FL
666,2025-09-27 10:07:03,568,4KBAM
667,2025-09-27 10:07:03,568,EL
668,2025-09-27 10:07:03,569,KKEADNV
669,2025-09-27 10:07:03,569,EZI
670,2025-09-27 10:07:04,570,AKBAL
671,2025-09-27 10:07:04,570,EL
672,2025-09-27 10:07:04,571,LKEAL
673,2025-09-27 10:07:04,571,EF0DZL
674,2025-09-27 10:07:05,572,ABAMV
675,2025-09-27 10:07:05,572,E
676,2025-09-27 10:07:05,573,LKEANV
677,2025-09-27 10:07:05,573,EFIQDZL
678,2025-09-27 10:07:06,574,LKEADNV
679,2025-09-27 10:07:06,574,E
680,2025-09-27 10:07:06,575,LKBADNV
681,2025-09-27 10:07:06,575,EFIQ0ZL
682,2025-09-27 10:07:07,576,AKBALV
683,2025-09-27 10:07:07,577,AKBADL
684,2025-09-27 10:07:08,578,AKBAM
685,2025-09-27 10:07:08,578,E
686,2025-09-27 10:07:08,579,AKBADL
687,2025-09-27 10:07:08,579,E
688,2025-09-27 10:07:09,580,AKBALN
689,2025-09-27 10:07:09,580,EF
690,2025-09-27 10:07:09,581,AKBADL
691,2025-09-27 10:07:09,581,EF
692,2025-09-27 10:07:10,582,AKBALM
693,2025-09-27 10:07:10,582,EFQZL
694,2025-09-27 10:07:10,583,AKBADN
695,2025-09-27 10:07:10,583,EF00ZL
696,2025-09-27 10:07:11,584,AKBADNV
697,2025-09-27 10:07:11,584,EFQ0ZL
698,2025-09-27 10:07:11,585,LKBADNV
699,2025-09-27 10:07:12,585,EFODT
700,2025-09-27 10:07:12,586,LKBADMM
701,2025-09-27 10:07:12,586,F00ZL
702,2025-09-27 10:07:13,587,LKBADNV
703,2025-09-27 10:07:13,587,EF100ZL
704,2025-09-27 10:07:14,588,LKSADLM
705,2025-09-27 10:07:14,588,ET
706,2025-09-27 10:07:15,589,LKEADLM
707,2025-09-27 10:07:15,589,EF0
708,2025-09-27 10:07:15,590,LKE4MV
709,2025-09-27 10:07:15,590,EAO
710,2025-09-27 10:07:16,591,LK64DMV
711,2025-09-27 10:07:16,591,EZL
712,2025-09-27 10:07:16,592,LKBADM
713,2025-09-27 10:07:16,592,E0
714,2025-09-27 10:07:17,593,LKSADLM
715,2025-09-27 10:07:17,594,LKGADNV
716,2025-09-27 10:07:17,594,EF
717,2025-09-27 10:07:18,595,KKSADLI
718,2025-09-27 10:07:18,595,EFQDZL
719,2025-09-27 10:07:18,596,LK64OLI
720,2025-09-27 10:07:18,596,EF0ZL
721,2025-09-27 10:07:19,597,EZL
722,2025-09-27 10:07:19,597,LK64OLV
723,2025-09-27 10:07:19,598,EFZL
724,2025-09-27 10:07:20,598,AKBAOL
725,2025-09-27 10:07:20,599,LK64O1V
726,2025-09-27 10:07:20,599,EFODZL
727,2025-09-27 10:07:21,600,LKEALM
728,2025-09-27 10:07:21,600,EFODZT
729,2025-09-27 10:07:21,601,4K64DLV
730,2025-09-27 10:07:21,601,EFODZL
731,2025-09-27 10:07:22,602,LKE4DHM
732,2025-09-27 10:07:22,602,EFZI
733,2025-09-27 10:07:22,603,EFODZL
734,2025-09-27 10:07:22,603,A4V
735,2025-09-27 10:07:23,604,7ODZL
736,2025-09-27 10:07:23,604,F
737,2025-09-27 10:07:23,605,FFODZL
738,2025-09-27 10:07:24,606,EFQZL
739,2025-09-27 10:07:24,607,EFIDZT
740,2025-09-27 10:07:24,609,EF
741,2025-09-27 10:07:25,610,FFZT
742,2025-09-27 10:07:26,611,F
743,2025-09-27 10:07:26,612,E
744,2025-09-27 10:07:27,613,EZT
745,2025-09-27 10:07:27,614,EF
746,2025-09-27 10:07:28,615,EF
747,2025-09-27 10:07:28,616,EF
748,2025-09-27 10:07:29,617,FF
749,2025-09-27 10:07:29,618,EFZL
750,2025-09-27 10:07:29,619,EFT
751,2025-09-27 10:07:30,620,FFL
752,2025-09-27 10:07:30,621,FFZI
753,2025-09-27 10:07:30,622,ET
754,2025-09-27 10:07:31,623,EFDZL
755,2025-09-27 10:07:31,624,EDZT
756,2025-09-27 10:07:31,625,ET
757,2025-09-27 10:07:32,626,EFODZT
758,2025-09-27 10:07:32,627,EO
759,2025-09-27 10:07:32,628,EZT
760,2025-09-27 10:07:33,629,EFDZT
761,2025-09-27 10:07:33,630,EZL
762,2025-09-27 10:07:33,631,EDZT
763,2025-09-27 10:07:34,632,EZT
764,2025-09-27 10:07:34,633,EFDZT
765,2025-09-27 10:07:34,634,EFIOD7T
766,2025-09-27 10:07:36,643,AEEU
767,2025-09-27 10:07:37,646,AF65JK
768,2025-09-27 10:07:37,647,AEESUKM
769,2025-09-27 10:07:38,651,AEESUK
770,2025-09-27 10:07:38,653,LE5K
771,2025-09-27 10:07:40,659,ISUK
772,2025-09-27 10:07:41,661,L5UK
773,2025-09-27 10:07:41,662,A65JKV
774,2025-09-27 10:07:42,663,ASUK
775,2025-09-27 10:07:42,664,LA65JKV
776,2025-09-27 10:07:42,665,LESUK
777,2025-09-27 10:07:43,668,NESKL
778,2025-09-27 10:07:43,669,LESKL
779,2025-09-27 10:07:44,670,LESK
780,2025-09-27 10:07:44,671,LE5K
781,2025-09-27 10:07:44,672,LE5UK
782,2025-09-27 10:07:45,673,NE5UK
783,2025-09-27 10:07:45,674,I5KL
784,2025-09-27 10:07:45,675,LBSKL
785,2025-09-27 10:07:46,676,N5K
786,2025-09-27 10:07:46,677,I65UK
787,2025-09-27 10:07:46,678,NEE5K
788,2025-09-27 10:07:47,679,NE65K
789,2025-09-27 10:07:47,680,LA65K
790,2025-09-27 10:07:47,681,NKV
791,2025-09-27 10:07:48,683,4F65JK
792,2025-09-27 10:07:48,684,45JKV
793,2025-09-27 10:07:49,685,N65JKV
794,2025-09-27 10:07:49,686,465JKV
795,2025-09-27 10:07:49,687,45JK
796,2025-09-27 10:07:50,688,U5JKV
797,2025-09-27 10:07:50,689,L5K
798,2025-09-27 10:07:50,690,L45JKM
799,2025-09-27 10:07:51,691,ASKU
800,2025-09-27 10:07:51,692,L5K
801,2025-09-27 10:07:51,693,LSK
802,2025-09-27 10:07:52,694,L5K
803,2025-09-27 10:07:52,695,W5JV
804,2025-09-27 10:07:52,696,L65
805,2025-09-27 10:07:53,697,LA65J
806,2025-09-27 10:07:53,698,A5
807,2025-09-27 10:07:54,699,AF65JKL
808,2025-09-27 10:07:54,700,N65JKV
809,2025-09-27 10:07:55,701,41SK
810,2025-09-27 10:07:56,702,45JK
811,2025-09-27 10:07:56,703,AF5UKL
812,2025-09-27 10:07:57,704,N5JKV
813,2025-09-27 10:07:57,705,A5K
814,2025-09-27 10:07:57,706,N5JKV
815,2025-09-27 10:07:58,707,N5JKV
816,2025-09-27 10:07:58,708,A65JKV
817,2025-09-27 10:07:58,709,L5JKL
818,2025-09-27 10:08:00,722,Q
819,2025-09-27 10:08:01,724,K6K
820,2025-09-27 10:08:01,724,MO
821,2025-09-27 10:08:01,725,R76KU
822,2025-09-27 10:08:01,725,LNSZC
823,2025-09-27 10:08:02,726,L
824,2025-09-27 10:08:03,731,KK
825,2025-09-27 10:08:03,732,K6K
826,2025-09-27 10:08:03,733,K6K
827,2025-09-27 10:08:04,734,KKU
828,2025-09-27 10:08:04,735,L
829,2025-09-27 10:08:04,736,L
830,2025-09-27 10:08:05,738,KK
831,2025-09-27 10:08:05,739,K6K
832,2025-09-27 10:08:05,739,LNISC
833,2025-09-27 10:08:05,740,KK
834,2025-09-27 10:08:06,740,LWISZZC
835,2025-09-27 10:08:06,741,K6K
836,2025-09-27 10:08:06,741,LNIIZC
837,2025-09-27 10:08:06,742,LNISZZC
838,2025-09-27 10:08:07,743,K6KU
839,2025-09-27 10:08:08,745,K6K
840,2025-09-27 10:08:08,746,K6KU
841,2025-09-27 10:08:09,747,LI
842,2025-09-27 10:08:09,747,RKU
843,2025-09-27 10:08:09,748,KKU
844,2025-09-27 10:08:10,748,Q
845,2025-09-27 10:08:10,750,LWI
846,2025-09-27 10:08:10,750,K6KSU
847,2025-09-27 10:08:11,751,L52C
848,2025-09-27 10:08:11,752,LSZC
849,2025-09-27 10:08:11,752,RKU
850,2025-09-27 10:08:12,753,K6KU
851,2025-09-27 10:08:12,753,LHSEZC
852,2025-09-27 10:08:12,754,KKSU
853,2025-09-27 10:08:12,754,S
854,2025-09-27 10:08:12,755,LSC
855,2025-09-27 10:08:13,755,KKSU
856,2025-09-27 10:08:13,756,KGKSU
857,2025-09-27 10:08:13,756,L
858,2025-09-27 10:08:14,757,KKU
859,2025-09-27 10:08:14,757,L
860,2025-09-27 10:08:14,758,KKSU
861,2025-09-27 10:08:14,758,LZZ
862,2025-09-27 10:08:14,759,K
863,2025-09-27 10:08:15,759,LWISZZC
864,2025-09-27 10:08:15,760,K
865,2025-09-27 10:08:15,760,LISZC
866,2025-09-27 10:08:15,761,KKS
867,2025-09-27 10:08:15,761,5
868,2025-09-27 10:08:16,762,K
869,2025-09-27 10:08:16,763,L5D
870,2025-09-27 10:08:17,764,LIZZC
871,2025-09-27 10:08:17,765,LW
872,2025-09-27 10:08:17,766,5
873,2025-09-27 10:08:17,767,LHI52ZC
874,2025-09-27 10:08:18,768,Q
875,2025-09-27 10:08:18,771,LHISZZC
876,2025-09-27 10:08:19,772,LHI5ZZC
877,2025-09-27 10:08:19,773,LIZZC
878,2025-09-27 10:08:19,774,LWIZC
879,2025-09-27 10:08:19,775,LWISZZC
880,2025-09-27 10:08:20,776,LWBZZC
881,2025-09-27 10:08:20,777,LWSZZC
882,2025-09-27 10:08:21,778,LMI5ZZC
883,2025-09-27 10:08:21,779,L52
884,2025-09-27 10:08:22,780,LW
885,2025-09-27 10:08:23,782,LISTZC
886,2025-09-27 10:08:23,783,LSZZC
887,2025-09-27 10:08:24,784,LSZZC
888,2025-09-27 10:08:24,784,20
889,2025-09-27 10:08:24,785,LISZZC
890,2025-09-27 10:08:25,786,LWISZZC
891,2025-09-27 10:08:25,787,WZZC
892,2025-09-27 10:08:25,787,20
893,2025-09-27 10:08:25,788,LSC
894,2025-09-27 10:08:26,788,6JOEPD
895,2025-09-27 10:08:26,789,LZZC
896,2025-09-27 10:08:26,789,6406
897,2025-09-27 10:08:26,790,LSEZC
898,2025-09-27 10:08:26,790,GJEPD
899,2025-09-27 10:08:27,791,LIZC
900,2025-09-27 10:08:27,792,LIZC
901,2025-09-27 10:08:27,792,6JOEPD
902,2025-09-27 10:08:28,793,L
903,2025-09-27 10:08:28,793,G6JEPD
904,2025-09-27 10:08:28,794,LNISZZC
905,2025-09-27 10:08:28,794,6JED
906,2025-09-27 10:08:29,795,L
907,2025-09-27 10:08:29,795,G6JOGERD
908,2025-09-27 10:08:29,796,LIC
909,2025-09-27 10:08:29,796,G6JOGEPD
910,2025-09-27 10:08:30,797,L
911,2025-09-27 10:08:30,797,GJOERD
912,2025-09-27 10:08:30,798,L
913,2025-09-27 10:08:30,799,6JERD
914,2025-09-27 10:08:31,800,L
915,2025-09-27 10:08:31,801,L
916,2025-09-27 10:08:32,802,LHISZZC
917,2025-09-27 10:08:32,803,LIZZC
918,2025-09-27 10:08:32,803,P
919,2025-09-27 10:08:32,804,L
920,2025-09-27 10:08:32,805,LZZC
921,2025-09-27 10:08:33,806,L
922,2025-09-27 10:08:33,807,GJBEPD
923,2025-09-27 10:08:33,807,LN
924,2025-09-27 10:08:34,808,L
925,2025-09-27 10:08:34,809,Q
926,2025-09-27 10:08:34,809,L
927,2025-09-27 10:08:35,810,L
928,2025-09-27 10:08:36,811,L
929,2025-09-27 10:08:36,811,GJ
930,2025-09-27 10:08:36,812,LZZC
931,2025-09-27 10:08:36,812,G
932,2025-09-27 10:08:37,813,L
933,2025-09-27 10:08:37,813,J
934,2025-09-27 10:08:38,814,L
935,2025-09-27 10:08:38,815,LH
936,2025-09-27 10:08:38,815,G
937,2025-09-27 10:08:39,816,LN
938,2025-09-27 10:08:39,816,G
939,2025-09-27 10:08:39,817,LN
940,2025-09-27 10:08:39,818,L
941,2025-09-27 10:08:40,818,GJ
942,2025-09-27 10:08:40,819,L59
943,2025-09-27 10:08:40,819,GJE
944,2025-09-27 10:08:40,820,LN5Z0
945,2025-09-27 10:08:41,820,6JOEPD
946,2025-09-27 10:08:41,821,L
947,2025-09-27 10:08:41,821,JE
948,2025-09-27 10:08:41,822,LNQ
949,2025-09-27 10:08:42,822,GE
950,2025-09-27 10:08:42,822,4A
951,2025-09-27 10:08:42,823,LN0
952,2025-09-27 10:08:42,823,G
953,2025-09-27 10:08:42,823,L
954,2025-09-27 10:08:43,824,LN2Z0
955,2025-09-27 10:08:43,824,JE
956,2025-09-27 10:08:43,825,6JE
957,2025-09-27 10:08:44,826,GJ
958,2025-09-27 10:08:44,826,LNIZZC
959,2025-09-27 10:08:44,827,LNZZC
960,2025-09-27 10:08:44,827,6JE
961,2025-09-27 10:08:45,828,LNZZ0
962,2025-09-27 10:08:45,828,6JO6EPD
963,2025-09-27 10:08:45,829,LNI5ZZC
964,2025-09-27 10:08:45,829,G
965,2025-09-27 10:08:45,829,DL
966,2025-09-27 10:08:46,830,LN
967,2025-09-27 10:08:46,830,L
968,2025-09-27 10:08:46,831,LN
969,2025-09-27 10:08:47,831,GJ
970,2025-09-27 10:08:47,831,DCLI
971,2025-09-27 10:08:47,832,LN5ZZC
972,2025-09-27 10:08:47,832,GJE
973,2025-09-27 10:08:47,832,DADLCL
974,2025-09-27 10:08:48,833,LNISZZC
975,2025-09-27 10:08:48,833,G
976,2025-09-27 10:08:48,833,DCLI
977,2025-09-27 10:08:49,834,L5ZZC
978,2025-09-27 10:08:49,834,G
979,2025-09-27 10:08:49,835,LNSZZC
980,2025-09-27 10:08:50,836,LHZZC
981,2025-09-27 10:08:50,836,G
982,2025-09-27 10:08:51,837,LHISZZC
983,2025-09-27 10:08:51,837,G6JER
984,2025-09-27 10:08:52,838,LNZC
985,2025-09-27 10:08:52,838,6J
986,2025-09-27 10:08:52,839,LN
987,2025-09-27 10:08:53,840,LNIZZC
988,2025-09-27 10:08:53,840,LX
989,2025-09-27 10:08:53,841,LNIZZC
990,2025-09-27 10:08:54,841,IIL
991,2025-09-27 10:08:54,842,LNSZZC
992,2025-09-27 10:08:54,842,WOZCLX
993,2025-09-27 10:08:55,843,LNIZZC
994,2025-09-27 10:08:55,843,GJJF
995,2025-09-27 10:08:55,844,LNIZZ
996,2025-09-27 10:08:55,845,LNIZZC
997,2025-09-27 10:08:56,846,LHISZZ
998,2025-09-27 10:08:56,847,L0
999,2025-09-27 10:08:56,848,LNIZZC
1000,2025-09-27 10:08:57,849,LN0
1001,2025-09-27 10:08:57,850,LZZC
1002,2025-09-27 10:08:57,851,LNSZZC
1003,2025-09-27 10:08:58,852,LNZZC
1004,2025-09-27 10:08:58,852,MJOLA
1005,2025-09-27 10:08:58,853,LNG
1006,2025-09-27 10:08:58,853,MJCLA
1007,2025-09-27 10:08:59,854,LZZC
1008,2025-09-27 10:08:59,854,MIT4A
1009,2025-09-27 10:08:59,855,LN0
1010,2025-09-27 10:09:00,856,LC
1011,2025-09-27 10:09:00,857,2ZC
1012,2025-09-27 10:09:00,858,L20
1013,2025-09-27 10:09:00,858,MLX
1014,2025-09-27 10:09:01,859,LZZC
1015,2025-09-27 10:09:01,860,LZZC
1016,2025-09-27 10:09:01,861,LNIZZC
1017,2025-09-27 10:09:02,862,LNIZZC
1018,2025-09-27 10:09:02,863,LNZZC
1019,2025-09-27 10:09:02,863,JOA
1020,2025-09-27 10:09:03,864,LNZZC
1021,2025-09-27 10:09:03,864,JOZLA
1022,2025-09-27 10:09:04,865,JA
1023,2025-09-27 10:09:04,865,LIZZC1
1024,2025-09-27 10:09:04,866,L
1025,2025-09-27 10:09:05,867,JLA
1026,2025-09-27 10:09:05,868,LD
1027,2025-09-27 10:09:06,870,DJLA
1028,2025-09-27 10:09:07,872,ODLX
1029,2025-09-27 10:09:07,873,ICLI
1030,2025-09-27 10:09:07,874,ODA
1031,2025-09-27 10:09:07,875,O
1032,2025-09-27 10:09:08,876,MO
1033,2025-09-27 10:09:08,877,IOL
1034,2025-09-27 10:09:09,881,DX
1035,2025-09-27 10:09:09,882,DZT
1036,2025-09-27 10:09:09,883,E
1037,2025-09-27 10:09:10,883,JOZLLX
1038,2025-09-27 10:09:10,885,IOCA
1039,2025-09-27 10:09:10,885,S
1040,2025-09-27 10:09:11,886,MJZLA
1041,2025-09-27 10:09:11,887,DOZCLX
1042,2025-09-27 10:09:11,887,E
1043,2025-09-27 10:09:11,888,ZL
1044,2025-09-27 10:09:12,889,OZCLA
1045,2025-09-27 10:09:12,890,OZCLX
1046,2025-09-27 10:09:12,891,MOTCYX
1047,2025-09-27 10:09:12,892,MOZCLX
1048,2025-09-27 10:09:13,892,OLA
1049,2025-09-27 10:09:13,893,DTE
1050,2025-09-27 10:09:13,894,M
1051,2025-09-27 10:09:13,894,MOIYX
1052,2025-09-27 10:09:14,895,OLTU
1053,2025-09-27 10:09:14,897,MZ
1054,2025-09-27 10:09:14,897,OT
1055,2025-09-27 10:09:15,898,LX
1056,2025-09-27 10:09:15,898,IL
1057,2025-09-27 10:09:15,899,ZX
1058,2025-09-27 10:09:15,899,Q
1059,2025-09-27 10:09:16,900,MZ
1060,2025-09-27 10:09:16,901,DL
1061,2025-09-27 10:09:17,902,DT
1062,2025-09-27 10:09:17,902,T
1063,2025-09-27 10:09:17,903,OZX
1064,2025-09-27 10:09:18,904,IJOZC
1065,2025-09-27 10:09:18,905,DZX
1066,2025-09-27 10:09:19,905,G
1067,2025-09-27 10:09:19,906,DNTLX
1068,2025-09-27 10:09:20,907,DZLX
1069,2025-09-27 10:09:20,908,DZLX
1070,2025-09-27 10:09:20,908,5T
1071,2025-09-27 10:09:20,909,IL
1072,2025-09-27 10:09:20,909,M
1073,2025-09-27 10:09:21,910,DZLA
1074,2025-09-27 10:09:21,910,0LTUA
1075,2025-09-27 10:09:21,911,NOZM
1076,2025-09-27 10:09:22,911,GT
1077,2025-09-27 10:09:22,912,DOZCLX
1078,2025-09-27 10:09:22,912,IGOLTU
1079,2025-09-27 10:09:22,912,E
1080,2025-09-27 10:09:22,913,DZLX
1081,2025-09-27 10:09:23,913,GLTU
1082,2025-09-27 10:09:23,913,EM
1083,2025-09-27 10:09:23,914,G
1084,2025-09-27 10:09:23,914,DNTCLX
1085,2025-09-27 10:09:23,914,E
1086,2025-09-27 10:09:24,915,OZCLX
1087,2025-09-27 10:09:24,915,E
1088,2025-09-27 10:09:24,916,OZCX
1089,2025-09-27 10:09:24,916,EI
1090,2025-09-27 10:09:25,917,OZLX
1091,2025-09-27 10:09:25,918,CLX
1092,2025-09-27 10:09:25,919,DOZELX
1093,2025-09-27 10:09:26,920,DAOFCLX
1094,2025-09-27 10:09:26,921,IOCLX
1095,2025-09-27 10:09:26,922,DOJCLX
1096,2025-09-27 10:09:27,923,MNOZLLX
1097,2025-09-27 10:09:27,924,DNOZCLX
1098,2025-09-27 10:09:27,925,MOCLX
1099,2025-09-27 10:09:28,926,DOCLX
1100,2025-09-27 10:09:28,927,DOCX
1101,2025-09-27 10:09:28,928,DAOCLX
1102,2025-09-27 10:09:29,929,OJLX
1103,2025-09-27 10:09:29,930,IOZCLX
1104,2025-09-27 10:09:29,931,DNOTCLX
1105,2025-09-27 10:09:30,932,DNOZCLX
1106,2025-09-27 10:09:30,933,DAOZCLX
1107,2025-09-27 10:09:30,933,E
1108,2025-09-27 10:09:31,934,IOZCLX
1109,2025-09-27 10:09:31,934,E
1110,2025-09-27 10:09:31,935,DOZCLX
1111,2025-09-27 10:09:32,935,BOSS
1112,2025-09-27 10:09:32,936,DAOCLX
1113,2025-09-27 10:09:32,936,EO
1114,2025-09-27 10:09:33,937,E
1115,2025-09-27 10:09:33,938,B
1116,2025-09-27 10:09:33,939,EYOBS
1117,2025-09-27 10:09:34,940,E
1118,2025-09-27 10:09:34,941,EY5
1119,2025-09-27 10:09:34,942,E
1120,2025-09-27 10:09:35,945,EY
1121,2025-09-27 10:09:35,946,EW
1122,2025-09-27 10:09:35,947,KBY
1123,2025-09-27 10:09:36,947,E
1124,2025-09-27 10:09:36,948,EYW
1125,2025-09-27 10:09:36,949,EY9
1126,2025-09-27 10:09:36,950,E
1127,2025-09-27 10:09:37,951,E
1128,2025-09-27 10:09:37,952,H
1129,2025-09-27 10:09:37,953,E
1130,2025-09-27 10:09:37,954,EYW
1131,2025-09-27 10:09:38,955,EYO9S
1132,2025-09-27 10:09:38,956,EYW
1133,2025-09-27 10:09:38,957,EYQ9
1134,2025-09-27 10:09:39,958,EY
1135,2025-09-27 10:09:39,959,B
1136,2025-09-27 10:09:39,960,EYW
1137,2025-09-27 10:09:39,961,EW
1138,2025-09-27 10:09:40,964,EYW
1139,2025-09-27 10:09:40,965,EYW
1140,2025-09-27 10:09:41,966,EY
1141,2025-09-27 10:09:41,967,EYW
1142,2025-09-27 10:09:41,968,EYW
1143,2025-09-27 10:09:41,969,EYIW5
1144,2025-09-27 10:09:42,970,EY9WS
1145,2025-09-27 10:09:42,971,EYW
1146,2025-09-27 10:09:42,972,EYIWS
1147,2025-09-27 10:09:43,973,EYW
1148,2025-09-27 10:09:43,974,EYW5
1149,2025-09-27 10:09:43,975,EYOIWS
1150,2025-09-27 10:09:43,976,EYOIWS
1151,2025-09-27 10:09:44,977,EYDIWS
1152,2025-09-27 10:09:44,978,EYO9WS
1153,2025-09-27 10:09:45,979,BYO9WS
1154,2025-09-27 10:09:46,981,EYDIWS
1155,2025-09-27 10:09:46,982,EYW
1156,2025-09-27 10:09:46,983,EYW
1157,2025-09-27 10:09:47,984,EYW
1158,2025-09-27 10:09:47,985,EYW
1159,2025-09-27 10:09:48,986,EYOW5
1160,2025-09-27 10:09:48,987,EYW
1161,2025-09-27 10:09:48,988,EY9W
1162,2025-09-27 10:09:49,989,EYBM
1163,2025-09-27 10:09:49,990,EYW
1164,2025-09-27 10:09:49,991,EY
1165,2025-09-27 10:09:49,992,EYO
1166,2025-09-27 10:09:50,993,EYB
1167,2025-09-27 10:09:50,994,EYOB
1168,2025-09-27 10:09:50,995,EYOM
1169,2025-09-27 10:09:51,996,EYOBLI
1170,2025-09-27 10:09:51,997,EY9WS
1171,2025-09-27 10:09:51,998,EMS
1172,2025-09-27 10:09:52,999,EY
1173,2025-09-27 10:09:52,1000,EY
1174,2025-09-27 10:09:52,1001,EY
1175,2025-09-27 10:09:53,1002,EYOM
1176,2025-09-27 10:09:53,1003,EY
1177,2025-09-27 10:09:53,1004,EW
1178,2025-09-27 10:09:54,1005,E
1179,2025-09-27 10:09:54,1006,E
1180,2025-09-27 10:09:54,1007,EW
1181,2025-09-27 10:09:55,1008,EYW
1182,2025-09-27 10:09:55,1009,EYWS
1183,2025-09-27 10:09:55,1010,EW
1184,2025-09-27 10:09:55,1011,EYO9WS
1185,2025-09-27 10:09:56,1012,EMOM
1186,2025-09-27 10:09:56,1013,EYWS
1187,2025-09-27 10:09:56,1014,EY9W
1188,2025-09-27 10:09:57,1015,EYW
1189,2025-09-27 10:09:57,1016,EYW
1190,2025-09-27 10:09:57,1017,EYW
1191,2025-09-27 10:09:58,1018,EYOWS
1192,2025-09-27 10:09:58,1019,EYOW
1193,2025-09-27 10:09:59,1020,EMS
1194,2025-09-27 10:09:59,1021,EYOM
1195,2025-09-27 10:10:00,1022,EW
1196,2025-09-27 10:10:00,1023,EYOMMS
1197,2025-09-27 10:10:01,1024,EYOMWS
1198,2025-09-27 10:10:01,1025,EYMI
1199,2025-09-27 10:10:02,1026,EYOMS
1200,2025-09-27 10:10:02,1027,EYW
1201,2025-09-27 10:10:02,1028,EOMS
1202,2025-09-27 10:10:02,1029,EY5
1203,2025-09-27 10:10:03,1030,E
1204,2025-09-27 10:10:03,1031,EMO
1205,2025-09-27 10:10:17,1111,BPBLM
1206,2025-09-27 10:10:18,1113,DPBZLIH
1207,2025-09-27 10:10:18,1114,BPBELYHI
1208,2025-09-27 10:10:18,1115,BPBELH
1209,2025-09-27 10:10:19,1116,PBELIH
1210,2025-09-27 10:10:19,1117,PBELI
1211,2025-09-27 10:10:19,1118,DPBELH
1212,2025-09-27 10:10:20,1119,PEEL
1213,2025-09-27 10:10:20,1120,DPBALYH
1214,2025-09-27 10:10:20,1121,DPBJLYH
1215,2025-09-27 10:10:21,1122,P6TMHL
1216,2025-09-27 10:10:21,1123,POTIH
1217,2025-09-27 10:10:21,1124,TI
1218,2025-09-27 10:10:22,1125,PBALH
1219,2025-09-27 10:10:22,1126,DP6LXH
1220,2025-09-27 10:10:22,1128,PET
1221,2025-09-27 10:10:23,1129,PEL
1222,2025-09-27 10:10:23,1130,PET
1223,2025-09-27 10:10:23,1131,DPET
1224,2025-09-27 10:10:24,1132,EPBAYH
1225,2025-09-27 10:10:24,1133,PILYHI
1226,2025-09-27 10:10:24,1134,DPEL
1227,2025-09-27 10:10:25,1135,DPET
1228,2025-09-27 10:10:25,1136,PGZH
1229,2025-09-27 10:10:25,1137,PBTYH
1230,2025-09-27 10:10:26,1138,DPGT
1231,2025-09-27 10:10:26,1139,DPET
1232,2025-09-27 10:10:27,1140,DPET
1233,2025-09-27 10:10:27,1141,PETH
1234,2025-09-27 10:10:28,1142,PETH
1235,2025-09-27 10:10:28,1143,DPGTYH
1236,2025-09-27 10:10:29,1144,DPGTY
1237,2025-09-27 10:10:29,1145,PETH
1238,2025-09-27 10:10:30,1146,PGILYH
1239,2025-09-27 10:10:30,1147,DPET
1240,2025-09-27 10:10:30,1148,PGTH
1241,2025-09-27 10:10:31,1149,DPET
1242,2025-09-27 10:10:31,1150,P6I
1243,2025-09-27 10:10:31,1151,BPGLYH
1244,2025-09-27 10:10:32,1152,P6TYH
1245,2025-09-27 10:10:32,1153,PGILYHI
1246,2025-09-27 10:10:32,1154,PEIM
1247,2025-09-27 10:10:33,1155,DPEIYH
1248,2025-09-27 10:10:33,1156,DP6TYH
1249,2025-09-27 10:10:34,1157,P6TH
1250,2025-09-27 10:10:34,1158,PETYH
1251,2025-09-27 10:10:34,1159,DPEIYH
1252,2025-09-27 10:10:35,1160,PEIYH
1253,2025-09-27 10:10:35,1161,EPETYH
1254,2025-09-27 10:10:35,1162,BPBII
1255,2025-09-27 10:10:36,1163,PGTLTI
1256,2025-09-27 10:10:36,1164,BPBILMHI
1257,2025-09-27 10:10:37,1165,BP6MH
1258,2025-09-27 10:10:37,1166,BPBILMH
1259,2025-09-27 10:10:37,1167,BP6JLYCE
1260,2025-09-27 10:10:38,1168,DP6ILYHI
1261,2025-09-27 10:10:38,1169,PSILYHI
1262,2025-09-27 10:10:38,1170,BPSELYH
1263,2025-09-27 10:10:39,1171,BPBILYHI
1264,2025-09-27 10:10:39,1172,BPBILYHI
1265,2025-09-27 10:10:40,1173,BPEILYH
1266,2025-09-27 10:10:40,1174,LBPEILH
1267,2025-09-27 10:10:41,1175,PBIY
1268,2025-09-27 10:10:41,1176,BPBIYI
1269,2025-09-27 10:10:42,1177,BP6ILYH
1270,2025-09-27 10:10:42,1178,LBP6ILYHI
1271,2025-09-27 10:10:43,1179,PEILM
1272,2025-09-27 10:10:43,1180,P6ILYH
1273,2025-09-27 10:10:44,1181,PGILH
1274,2025-09-27 10:10:44,1182,WP6JL
1275,2025-09-27 10:10:45,1183,PEEYH
1276,2025-09-27 10:10:45,1184,BPBIMHI
1277,2025-09-27 10:10:45,1185,BPGBLYHI
1278,2025-09-27 10:10:49,1208,065267
1279,2025-09-27 10:10:49,1209,L68
1280,2025-09-27 10:10:50,1211,L3
1281,2025-09-27 10:10:50,1212,063
1282,2025-09-27 10:10:50,1213,L5J
1283,2025-09-27 10:10:51,1214,L3
1284,2025-09-27 10:10:51,1215,06Z60
1285,2025-09-27 10:10:51,1216,L4
1286,2025-09-27 10:10:52,1218,0657
1287,2025-09-27 10:10:52,1219,053
1288,2025-09-27 10:10:52,1220,W8
1289,2025-09-27 10:10:53,1221,03
1290,2025-09-27 10:10:53,1222,L63
1291,2025-09-27 10:10:53,1223,052X
1292,2025-09-27 10:10:54,1224,03
1293,2025-09-27 10:10:54,1225,065
1294,2025-09-27 10:10:55,1226,03
1295,2025-09-27 10:10:55,1227,06523
1296,2025-09-27 10:10:56,1229,0G6263
1297,2025-09-27 10:10:57,1230,0165263
1298,2025-09-27 10:10:57,1231,01653
1299,2025-09-27 10:10:57,1232,0165263
1300,2025-09-27 10:10:58,1233,03
1301,2025-09-27 10:10:58,1234,0263
1302,2025-09-27 10:10:58,1235,03
1303,2025-09-27 10:10:59,1236,WX
1304,2025-09-27 10:10:59,1237,06526X
1305,2025-09-27 10:10:59,1238,LFX
1306,2025-09-27 10:11:00,1239,03
1307,2025-09-27 10:11:00,1240,L3
1308,2025-09-27 10:11:00,1241,L63
1309,2025-09-27 10:11:01,1242,LZX
1310,2025-09-27 10:11:01,1243,LG3
1311,2025-09-27 10:11:01,1244,LZE4
1312,2025-09-27 10:11:02,1245,LX
1313,2025-09-27 10:11:02,1246,L8
1314,2025-09-27 10:11:02,1247,LX
1315,2025-09-27 10:11:02,1248,LF3
1316,2025-09-27 10:11:03,1249,L5ZF4
1317,2025-09-27 10:11:03,1250,L3
1318,2025-09-27 10:11:03,1251,L
1319,2025-09-27 10:11:04,1252,LZX
1320,2025-09-27 10:11:04,1253,LZX
1321,2025-09-27 10:11:04,1254,LZ
1322,2025-09-27 10:11:05,1255,L
1323,2025-09-27 10:11:05,1256,LZFX
1324,2025-09-27 10:11:05,1257,L6ZFX
1325,2025-09-27 10:11:05,1258,L
1326,2025-09-27 10:11:06,1259,LZX
1327,2025-09-27 10:11:06,1260,L
1328,2025-09-27 10:11:06,1261,L6ZFX
1329,2025-09-27 10:11:07,1262,LZX
1330,2025-09-27 10:11:07,1263,0X
1331,2025-09-27 10:11:07,1264,016Z6X
1332,2025-09-27 10:11:08,1265,LZX
1333,2025-09-27 10:11:08,1266,06ZFX
1334,2025-09-27 10:11:09,1267,0ZX
1335,2025-09-27 10:11:09,1268,0ZX
1336,2025-09-27 10:11:10,1269,0ZX
1337,2025-09-27 10:11:10,1270,06X
1338,2025-09-27 10:11:11,1271,06ZX
1339,2025-09-27 10:11:11,1272,065ZFX
1340,2025-09-27 10:11:12,1273,06ZX
1341,2025-09-27 10:11:12,1274,0165ZFX
1342,2025-09-27 10:11:12,1275,0
1343,2025-09-27 10:11:13,1276,06Z
1344,2025-09-27 10:11:13,1277,WZX
1345,2025-09-27 10:11:13,1278,05ZX
1346,2025-09-27 10:11:14,1279,06ZEX
1347,2025-09-27 10:11:14,1280,LX
1348,2025-09-27 10:11:14,1281,0ZFX
1349,2025-09-27 10:11:15,1282,0X
1350,2025-09-27 10:11:15,1283,LX
1351,2025-09-27 10:11:15,1284,L65ZFX
1352,2025-09-27 10:11:16,1285,L5ZEX
1353,2025-09-27 10:11:16,1286,065ZEX
1354,2025-09-27 10:11:16,1287,L6ZFX
1355,2025-09-27 10:11:17,1288,05
1356,2025-09-27 10:11:17,1289,L65ZFX
1357,2025-09-27 10:11:17,1290,0ZEX
1358,2025-09-27 10:11:18,1291,L6ZFX
1359,2025-09-27 10:11:18,1292,L6ZFX
1360,2025-09-27 10:11:18,1293,WX
1361,2025-09-27 10:11:19,1294,0X
1362,2025-09-27 10:11:19,1295,065ZFX
1363,2025-09-27 10:11:19,1296,W65ZFX
1364,2025-09-27 10:11:20,1297,06ZFX
1365,2025-09-27 10:11:20,1298,W
1366,2025-09-27 10:11:20,1299,06ZEX
1367,2025-09-27 10:11:21,1300,WIZEX
1368,2025-09-27 10:11:21,1301,06ZEX
1369,2025-09-27 10:11:22,1302,46ZFX
1370,2025-09-27 10:11:22,1303,W6IZEX
1371,2025-09-27 10:11:23,1304,L6X
1372,2025-09-27 10:11:23,1305,WX
1373,2025-09-27 10:11:24,1306,WFX
1374,2025-09-27 10:11:24,1307,LZFX
1375,2025-09-27 10:11:26,1314,4
1376,2025-09-27 10:11:26,1315,0645
1377,2025-09-27 10:11:27,1321,D643
1378,2025-09-27 10:11:28,1325,M
1379,2025-09-27 10:11:29,1326,064053
1380,2025-09-27 10:11:29,1327,M43
1381,2025-09-27 10:11:29,1328,06403
1382,2025-09-27 10:11:30,1329,MEX
1383,2025-09-27 10:11:30,1330,046403
1384,2025-09-27 10:11:30,1331,M43
1385,2025-09-27 10:11:31,1332,640
1386,2025-09-27 10:11:31,1332,CDD
1387,2025-09-27 10:11:31,1333,D6403
1388,2025-09-27 10:11:31,1333,CD
1389,2025-09-27 10:11:32,1334,HD
1390,2025-09-27 10:11:32,1334,D6403
1391,2025-09-27 10:11:32,1335,M640D3
1392,2025-09-27 10:11:33,1336,CL640
1393,2025-09-27 10:11:33,1337,0L64053
1394,2025-09-27 10:11:33,1338,C4
1395,2025-09-27 10:11:34,1339,C6403
1396,2025-09-27 10:11:34,1339,QD
1397,2025-09-27 10:11:34,1340,JUD
1398,2025-09-27 10:11:35,1341,64053
1399,2025-09-27 10:11:35,1341,JLD
1400,2025-09-27 10:11:35,1342,M64063
1401,2025-09-27 10:11:36,1342,CD
1402,2025-09-27 10:11:36,1343,OD
1403,2025-09-27 10:11:37,1343,06403
1404,2025-09-27 10:11:37,1344,OD
1405,2025-09-27 10:11:38,1344,6403
1406,2025-09-27 10:11:38,1345,CD
1407,2025-09-27 10:11:38,1345,M643
1408,2025-09-27 10:11:39,1346,C643
1409,2025-09-27 10:11:39,1346,F
1410,2025-09-27 10:11:40,1348,WL43
1411,2025-09-27 10:11:40,1349,06403
1412,2025-09-27 10:11:40,1350,ML4K
1413,2025-09-27 10:11:41,1351,M64
1414,2025-09-27 10:11:41,1352,C640
1415,2025-09-27 10:11:41,1353,M643
1416,2025-09-27 10:11:42,1354,ML6403
1417,2025-09-27 10:11:42,1355,DL64
1418,2025-09-27 10:11:43,1356,64
1419,2025-09-27 10:11:43,1358,0L64053
1420,2025-09-27 10:11:43,1359,CL6
1421,2025-09-27 10:11:44,1360,C6403
1422,2025-09-27 10:11:44,1361,M64053
1423,2025-09-27 10:11:44,1361,LPUT
1424,2025-09-27 10:11:44,1362,64053
1425,2025-09-27 10:11:44,1363,CL64053
1426,2025-09-27 10:11:45,1363,LPL
1427,2025-09-27 10:11:45,1364,64053
1428,2025-09-27 10:11:45,1364,LL
1429,2025-09-27 10:11:45,1365,LLL
1430,2025-09-27 10:11:45,1365,M640G
1431,2025-09-27 10:11:46,1366,CL6405
1432,2025-09-27 10:11:46,1366,LI
1433,2025-09-27 10:11:46,1367,CL64053
1434,2025-09-27 10:11:46,1368,CL64053
1435,2025-09-27 10:11:46,1368,LPL
1436,2025-09-27 10:11:47,1369,CL640G
1437,2025-09-27 10:11:47,1369,LH
1438,2025-09-27 10:11:47,1370,KJ
1439,2025-09-27 10:11:47,1370,C640G3
1440,2025-09-27 10:11:47,1371,64053
1441,2025-09-27 10:11:48,1371,LPIL
1442,2025-09-27 10:11:48,1372,C64053
1443,2025-09-27 10:11:48,1372,LLI
1444,2025-09-27 10:11:48,1373,LPL
1445,2025-09-27 10:11:48,1373,64053
1446,2025-09-27 10:11:49,1374,D643
1447,2025-09-27 10:11:49,1374,LL
1448,2025-09-27 10:11:49,1375,DL64053
1449,2025-09-27 10:11:49,1375,LPLL
1450,2025-09-27 10:11:50,1376,64053
1451,2025-09-27 10:11:50,1376,LPI
1452,2025-09-27 10:11:50,1377,C64053
1453,2025-09-27 10:11:51,1378,M64053
1454,2025-09-27 10:11:51,1378,LPUL
1455,2025-09-27 10:11:52,1379,M643
1456,2025-09-27 10:11:52,1379,LPUL
1457,2025-09-27 10:11:52,1380,64053
1458,2025-09-27 10:11:52,1380,LPLL
1459,2025-09-27 10:11:53,1381,D64053
1460,2025-09-27 10:11:53,1382,C643
1461,2025-09-27 10:11:54,1383,C6403
1462,2025-09-27 10:11:54,1383,LPULJI
1463,2025-09-27 10:11:54,1384,LPLLJI
1464,2025-09-27 10:11:54,1384,M6403
1465,2025-09-27 10:11:54,1385,LPUUA
1466,2025-09-27 10:11:55,1385,M640
1467,2025-09-27 10:11:55,1386,CL64053
1468,2025-09-27 10:11:55,1386,LLLIA
1469,2025-09-27 10:11:55,1387,LULMA
1470,2025-09-27 10:11:56,1387,064
1471,2025-09-27 10:11:56,1388,LA
1472,2025-09-27 10:11:56,1388,M
1473,2025-09-27 10:11:56,1389,W6403
1474,2025-09-27 10:11:56,1389,LHLA
1475,2025-09-27 10:11:57,1390,M4
1476,2025-09-27 10:11:57,1390,LI
1477,2025-09-27 10:11:57,1391,M640
1478,2025-09-27 10:11:58,1391,LPULJA
1479,2025-09-27 10:11:58,1392,M64
1480,2025-09-27 10:11:58,1392,LULA
1481,2025-09-27 10:11:58,1393,M640
1482,2025-09-27 10:11:59,1393,LALA
1483,2025-09-27 10:11:59,1394,LPHL
1484,2025-09-27 10:11:59,1394,M
1485,2025-09-27 10:11:59,1395,LPLILJA
1486,2025-09-27 10:12:00,1395,M4
1487,2025-09-27 10:12:00,1396,LPLLA
1488,2025-09-27 10:12:00,1396,Q64
1489,2025-09-27 10:12:00,1397,LPILIA
1490,2025-09-27 10:12:01,1397,M4
1491,2025-09-27 10:12:01,1398,LPILI
1492,2025-09-27 10:12:01,1398,M64
1493,2025-09-27 10:12:01,1399,LPIL
1494,2025-09-27 10:12:02,1399,M4
1495,2025-09-27 10:12:02,1400,LPILLIA
1496,2025-09-27 10:12:02,1400,Q4
1497,2025-09-27 10:12:02,1401,LPULJA
1498,2025-09-27 10:12:03,1401,Q640D
1499,2025-09-27 10:12:03,1402,LPLLLIA
1500,2025-09-27 10:12:03,1402,Q47
1501,2025-09-27 10:12:04,1403,LHLIA
1502,2025-09-27 10:12:04,1403,M4
1503,2025-09-27 10:12:05,1404,LLLLIA
1504,2025-09-27 10:12:05,1404,MG
1505,2025-09-27 10:12:06,1405,Q4
1506,2025-09-27 10:12:06,1405,LUI
1507,2025-09-27 10:12:06,1406,LHLLL
1508,2025-09-27 10:12:07,1406,ME4
1509,2025-09-27 10:12:07,1407,LPLLIA
1510,2025-09-27 10:12:07,1407,MED
1511,2025-09-27 10:12:07,1408,LPLLLDA
1512,2025-09-27 10:12:08,1408,0643
1513,2025-09-27 10:12:08,1409,LPLLLI
1514,2025-09-27 10:12:08,1409,ME4GX
1515,2025-09-27 10:12:09,1410,MD
1516,2025-09-27 10:12:09,1410,LPLLJA
1517,2025-09-27 10:12:09,1411,MEGD
1518,2025-09-27 10:12:09,1411,LILI
1519,2025-09-27 10:12:10,1412,MBD
1520,2025-09-27 10:12:10,1412,LLLLDD
1521,2025-09-27 10:12:10,1413,QX
1522,2025-09-27 10:12:10,1413,LPHLLIA
1523,2025-09-27 10:12:11,1414,MB
1524,2025-09-27 10:12:11,1414,LLLI
1525,2025-09-27 10:12:11,1415,LILI
1526,2025-09-27 10:12:12,1415,Q5
1527,2025-09-27 10:12:12,1416,M64
1528,2025-09-27 10:12:12,1416,LPLLI
1529,2025-09-27 10:12:12,1417,LLLLLI
1530,2025-09-27 10:12:13,1417,QB4I
1531,2025-09-27 10:12:13,1418,Q64D
1532,2025-09-27 10:12:13,1418,LPLLLIA
1533,2025-09-27 10:12:14,1419,Q647
1534,2025-09-27 10:12:14,1419,LILLI
1535,2025-09-27 10:12:14,1420,MB4DJ
1536,2025-09-27 10:12:14,1420,LPLLLA
1537,2025-09-27 10:12:15,1421,LPLLJA
1538,2025-09-27 10:12:15,1421,M4
1539,2025-09-27 10:12:15,1422,QE
1540,2025-09-27 10:12:15,1422,LILI
1541,2025-09-27 10:12:16,1423,C6J
1542,2025-09-27 10:12:16,1423,LPLILJA
1543,2025-09-27 10:12:16,1424,Q4
1544,2025-09-27 10:12:16,1424,LILI
1545,2025-09-27 10:12:17,1425,M4
1546,2025-09-27 10:12:17,1425,LLLLIA
1547,2025-09-27 10:12:18,1426,LPLLJ
1548,2025-09-27 10:12:18,1426,064G7
1549,2025-09-27 10:12:18,1427,LILIL
1550,2025-09-27 10:12:19,1428,LILD
1551,2025-09-27 10:12:19,1429,LILDD
1552,2025-09-27 10:12:20,1430,LILLD
1553,2025-09-27 10:12:20,1431,LILD
1554,2025-09-27 10:12:21,1432,LPLLLJA
1555,2025-09-27 10:12:21,1433,LPLUA
1556,2025-09-27 10:12:22,1434,LILU
1557,2025-09-27 10:12:22,1435,LLLUD
1558,2025-09-27 10:12:22,1436,LILI
1559,2025-09-27 10:12:23,1437,LPILI
1560,2025-09-27 10:12:23,1438,LILLD
1561,2025-09-27 10:12:23,1439,LPILLD
1562,2025-09-27 10:12:24,1440,LILL
1563,2025-09-27 10:12:24,1441,MLLA
1564,2025-09-27 10:12:24,1442,MAL
1565,2025-09-27 10:12:25,1443,LILA
1566,2025-09-27 10:12:25,1444,LLLMA
1567,2025-09-27 10:12:25,1445,ILA
1568,2025-09-27 10:12:26,1446,LLLJA
1569,2025-09-27 10:12:26,1447,LILM
1570,2025-09-27 10:12:26,1448,LLLIA
1571,2025-09-27 10:12:27,1449,VALIA
1572,2025-09-27 10:12:27,1450,LLL
1573,2025-09-27 10:12:27,1451,LLL
1574,2025-09-27 10:12:28,1452,LPRLIA
1575,2025-09-27 10:12:43,1540,FK52BPF
1576,2025-09-27 10:12:44,1545,C558PF
1577,2025-09-27 10:12:44,1546,V7528PE
1578,2025-09-27 10:12:45,1547,V52BPF
1579,2025-09-27 10:12:46,1551,U528PF
1580,2025-09-27 10:12:47,1552,075282F
1581,2025-09-27 10:12:47,1553,4528F
1582,2025-09-27 10:12:48,1554,W528F
1583,2025-09-27 10:12:48,1555,0752E8F
1584,2025-09-27 10:12:49,1559,752BPF
1585,2025-09-27 10:12:50,1560,4X6BPF
1586,2025-09-27 10:12:50,1561,HX5BPF
1587,2025-09-27 10:12:51,1562,4E2BPF
1588,2025-09-27 10:12:51,1563,452BPF
1589,2025-09-27 10:12:51,1564,4X62BPF
1590,2025-09-27 10:12:52,1565,452BPF
1591,2025-09-27 10:12:52,1566,4X52BPF
1592,2025-09-27 10:12:52,1567,4X52BPF
1593,2025-09-27 10:12:53,1568,4K62BPF
1594,2025-09-27 10:12:53,1569,HX52BPF
1595,2025-09-27 10:12:54,1570,HX52BPF
1596,2025-09-27 10:12:54,1571,HK52BPF
1597,2025-09-27 10:12:54,1572,HK52BPF
1598,2025-09-27 10:12:55,1573,X52BPF
1599,2025-09-27 10:12:55,1574,HY52BPF
1600,2025-09-27 10:12:55,1575,H7SBPF
1601,2025-09-27 10:12:56,1576,H7SBPF
1602,2025-09-27 10:13:04,1617,EIT
1603,2025-09-27 10:13:05,1626,L
1604,2025-09-27 10:13:06,1629,ML
1605,2025-09-27 10:13:07,1635,DVR
1606,2025-09-27 10:13:08,1636,VR
1607,2025-09-27 10:13:08,1637,K
1608,2025-09-27 10:13:12,1664,LM
1609,2025-09-27 10:13:14,1675,L
1610,2025-09-27 10:13:17,1685,L
1611,2025-09-27 10:13:18,1686,IL
1612,2025-09-27 10:13:19,1693,E6ICYL
1613,2025-09-27 10:13:19,1694,W
1614,2025-09-27 10:13:20,1696,L
1615,2025-09-27 10:13:21,1703,W
1616,2025-09-27 10:13:22,1705,L
1617,2025-09-27 10:13:23,1709,ESICL
1618,2025-09-27 10:13:23,1710,L
1619,2025-09-27 10:13:23,1712,CEGICIL
1620,2025-09-27 10:13:24,1713,L
1621,2025-09-27 10:13:24,1714,L
1622,2025-09-27 10:13:24,1715,L
1623,2025-09-27 10:13:25,1716,WC
1624,2025-09-27 10:13:25,1718,L
1625,2025-09-27 10:13:25,1719,CEGILYL
1626,2025-09-27 10:13:26,1723,ESLML
1627,2025-09-27 10:13:27,1725,GLL
1628,2025-09-27 10:13:27,1726,EGIWYL
1629,2025-09-27 10:13:28,1727,6ILML
1630,2025-09-27 10:13:28,1728,L
1631,2025-09-27 10:13:28,1729,L
1632,2025-09-27 10:13:29,1730,L
1633,2025-09-27 10:13:30,1731,GWL
1634,2025-09-27 10:13:30,1732,CEGIWYL
1635,2025-09-27 10:13:31,1733,L
1636,2025-09-27 10:13:31,1734,CEGILYL
1637,2025-09-27 10:13:32,1735,L
1638,2025-09-27 10:13:32,1736,L
1639,2025-09-27 10:13:32,1737,L
1640,2025-09-27 10:13:33,1738,C
1641,2025-09-27 10:13:33,1739,LL
1642,2025-09-27 10:13:33,1740,L
1643,2025-09-27 10:13:34,1741,EGICYL
1644,2025-09-27 10:13:34,1743,L
1645,2025-09-27 10:13:35,1744,L
1646,2025-09-27 10:13:35,1745,L
1647,2025-09-27 10:13:35,1746,L
1648,2025-09-27 10:13:36,1747,L
1649,2025-09-27 10:13:36,1748,WL
1650,2025-09-27 10:13:36,1749,C
1651,2025-09-27 10:13:37,1750,CUL
1652,2025-09-27 10:13:37,1751,C
1653,2025-09-27 10:13:37,1751,G
1654,2025-09-27 10:13:38,1752,CEGILL
1655,2025-09-27 10:13:38,1753,ILL
1656,2025-09-27 10:13:38,1754,G8
1657,2025-09-27 10:13:39,1762,GBSI
1658,2025-09-27 10:13:41,1770,GIB
1659,2025-09-27 10:13:41,1771,GSF
